_idDem;Clt;Designt;NSerie;Pmo;DesignationPmo;QtDispPmo;MqPmo
DEM2406-0070307;BMCE;BLLB3051;147832;Azrtx;PMO1257;1;
DEM2406-0070308;CIH;SC10005374;478533;dfmzkd;PMO1258;47;
DEM2406-0070309;Terrazza;S2-EP-2GR-SEM;4701478;sdfdf;PMO1259;35;
DEM2406-0070310;Assurance El jadida;S2-EP-3GR-SEM;4799612;cxdfer;PMO1260;741;
DEM2406-0070311;Total;S2-EK-2GR-INOX;203687;qqscf;PMO1261;11;
DEM2406-0070312;BMCI;S2-EP-2GR-SEM;74122;gtgrgtrt;PMO1262;11;
DEM2406-0070313;ATWB;BLMININOVA2GR;3354;dfdsf;PMO1263;22;
DEM2406-0070314;Bourchanin;NWKREA;112;rgrgr;PMO1264;44;
DEM2406-0070315;Animac;S2-EK-2GR-INOX;4477;juk;PMO1265;778;
DEM2406-0070316;Egloffe;S2-EP-3GR-SEM;55556;yuyu;PMO1266;23;
DEM2406-0070317;Smeia;S2-EP-3GR-SEM;33338;sdsd;PMO1267;24;
DEM2406-0070318;La fayette;S2-EP-3GR-SEM;33339;hgh;PMO1268;25;
DEM2406-0070319;Pytagore;S2-EP-3GR-SEM;33340;tyu;PMO1269;26;
DEM2406-0070320;Les fleurs;BLLB4200;33341;iokml;PMO1270;27;
DEM2406-0070321;ORL;S2-EK-3GR-INOX;33342;ferr;PMO1271;28;
DEM2406-0070322;NAS;S2-EK-3GR-INOX;33343;zaz;PMO1272;29;
DEM2406-0070323;Orange;BLLB4300;33344;sdsds;PMO1273;30;
DEM2406-0070324;Barid;SC962831;33345;dffd;PMO1274;31;
DEM2406-0070325;Patchi;NWKREA-PRIME;33346;xcxc;PMO1275;32;
DEM2406-0070326;Sinastone;PROMO-S2-EP-3GR-SEM;33347;Azrtx;PMO1276;33;
DEM2406-0070327;CBI;BLLB4700;33348;dfmzkd;PMO1277;34;
DEM2406-0070328;Ilem;SC9A003;33349;sdfdf;PMO1278;35;
DEM2406-0070329;BMCE;SC9A003;33350;cxdfer;PMO1279;36;
DEM2406-0070330;CIH;SC9A003;33351;qqscf;PMO1280;37;
DEM2406-0070331;Terrazza;S2-EK-3GR-INOX;33352;gtgrgtrt;PMO1281;38;
DEM2406-0070332;Assurance El jadida;S2-EK-3GR-INOX;33353;rytyty;PMO1282;39;
DEM2406-0070333;Total;BLLB3051;33354;rgrgr;PMO1283;40;
DEM2406-0070334;BMCI;SC10005374;33355;juk;PMO1284;41;
DEM2406-0070335;ATWB;S2-EP-2GR-SEM;33356;yuyu;PMO1285;42;
DEM2406-0070336;Bourchanin;S2-EP-3GR-SEM;33357;sdsd;PMO1286;43;
DEM2406-0070337;Animac;S2-EK-2GR-INOX;33358;yyuyui;PMO1287;44;
DEM2406-0070338;Egloffe;S2-EP-2GR-SEM;33359;tyu;PMO1288;45;
DEM2406-0070339;Smeia;BLMININOVA2GR;33360;iokml;PMO1289;46;
DEM2406-0070340;La fayette;NWKREA;33361;ferr;PMO1290;47;
DEM2406-0070341;Pytagore;S2-EK-2GR-INOX;33362;zaz;PMO1291;48;
DEM2406-0070342;Les fleurs;S2-EP-3GR-SEM;33363;sdsds;PMO1292;49;
DEM2406-0070343;ORL;S2-EP-3GR-SEM;33364;dffd;PMO1293;50;
DEM2406-0070344;NAS;S2-EP-3GR-SEM;33365;xcxc;PMO1294;51;
DEM2406-0070345;Orange;S2-EP-3GR-SEM;33366;Azrtx;PMO1295;52;
DEM2406-0070346;Barid;BLLB4200;33367;dfmzkd;PMO1296;53;
DEM2406-0070347;Patchi;S2-EK-3GR-INOX;33368;sdfdf;PMO1297;54;
DEM2406-0070348;Sinastone;S2-EK-3GR-INOX;33369;cxdfer;PMO1298;55;
DEM2406-0070349;CBI;BLLB4300;33370;qqscf;PMO1299;56;
DEM2406-0070350;Ilem;SC962831;33371;gtgrgtrt;PMO1300;57;
DEM2406-0070351;BMCE;NWKREA-PRIME;33372;opop;PMO1301;58;
DEM2406-0070352;CIH;PROMO-S2-EP-3GR-SEM;33373;rgrgr;PMO1302;59;
DEM2406-0070353;Terrazza;BLLB4700;33374;juk;PMO1303;60;
DEM2406-0070354;Assurance El jadida;SC9A003;33375;yuyu;PMO1304;61;
DEM2406-0070355;Total;SC9A003;33376;sdsd;PMO1305;62;
DEM2406-0070356;BMCI;SC9A003;33377;zerzr;PMO1306;63;
DEM2406-0070357;ATWB;S2-EK-3GR-INOX;33378;tyu;PMO1307;64;
DEM2406-0070358;Bourchanin;S2-EK-3GR-INOX;33379;iokml;PMO1308;65;
DEM2406-0070359;Animac;BLLB3051;33380;ferr;PMO1309;66;
DEM2406-0070360;Egloffe;SC10005374;33381;zaz;PMO1310;67;
DEM2406-0070361;Smeia;S2-EP-2GR-SEM;33382;sdsds;PMO1311;68;
DEM2406-0070362;La fayette;S2-EP-3GR-SEM;33383;dffd;PMO1312;69;
DEM2406-0070363;Pytagore;S2-EK-2GR-INOX;33384;xcxc;PMO1313;70;
DEM2406-0070364;Les fleurs;S2-EP-2GR-SEM;33385;Azrtx;PMO1314;71;
DEM2406-0070365;ORL;BLMININOVA2GR;33386;dfmzkd;PMO1315;72;
DEM2406-0070366;NAS;NWKREA;33387;sdfdf;PMO1316;73;
DEM2406-0070367;Orange;S2-EK-2GR-INOX;33388;cxdfer;PMO1317;74;
DEM2406-0070368;Barid;S2-EP-3GR-SEM;33389;qqscf;PMO1318;75;
DEM2406-0070369;Patchi;S2-EP-3GR-SEM;33390;gtgrgtrt;PMO1319;76;
DEM2406-0070370;Sinastone;S2-EP-3GR-SEM;33391;yuyfgf;PMO1320;77;
DEM2406-0070371;CBI;S2-EP-3GR-SEM;33392;rgrgr;PMO1321;78;
DEM2406-0070372;Ilem;BLLB4200;33393;juk;PMO1322;79;
DEM2406-0070373;BMCE;S2-EK-3GR-INOX;33394;yuyu;PMO1323;80;
DEM2406-0070374;CIH;S2-EK-3GR-INOX;33395;sdsd;PMO1324;81;
DEM2406-0070375;Terrazza;BLLB4300;33396;zerzerzer;PMO1325;82;
DEM2406-0070376;Assurance El jadida;SC962831;33397;tyu;PMO1326;83;
DEM2406-0070377;Total;NWKREA-PRIME;33398;iokml;PMO1327;84;
DEM2406-0070378;BMCI;PROMO-S2-EP-3GR-SEM;33399;ferr;PMO1328;85;
DEM2406-0070379;ATWB;BLLB4700;33400;zaz;PMO1329;86;
DEM2406-0070380;Bourchanin;SC9A003;33401;sdsds;PMO1330;87;
DEM2406-0070381;Animac;SC9A003;33402;dffd;PMO1331;88;
DEM2406-0070382;Egloffe;SC9A003;33403;xcxc;PMO1332;89;
DEM2406-0070383;Smeia;S2-EK-3GR-INOX;33404;Azrtx;PMO1333;90;
DEM2406-0070384;La fayette;S2-EK-3GR-INOX;33405;dfmzkd;PMO1334;91;
DEM2406-0070385;Pytagore;BLLB3051;33406;sdfdf;PMO1335;92;
DEM2406-0070386;Les fleurs;SC10005374;33407;cxdfer;PMO1336;93;
DEM2406-0070387;ORL;S2-EP-2GR-SEM;33408;qqscf;PMO1337;94;
DEM2406-0070388;NAS;S2-EP-3GR-SEM;33409;gtgrgtrt;PMO1338;95;
DEM2406-0070389;Orange;S2-EK-2GR-INOX;33410;iio;PMO1339;96;
DEM2406-0070390;Barid;S2-EP-2GR-SEM;33411;rgrgr;PMO1340;97;
DEM2406-0070391;Patchi;BLMININOVA2GR;33412;juk;PMO1341;98;
DEM2406-0070392;Sinastone;NWKREA;33413;yuyu;PMO1342;99;
DEM2406-0070393;CBI;S2-EK-2GR-INOX;33414;sdsd;PMO1343;100;
DEM2406-0070394;Ilem;S2-EP-3GR-SEM;33415;fr;PMO1344;101;
DEM2406-0070395;BMCE;S2-EP-3GR-SEM;33416;tyu;PMO1345;102;
DEM2406-0070396;CIH;S2-EP-3GR-SEM;33417;iokml;PMO1346;103;
DEM2406-0070397;Terrazza;S2-EP-3GR-SEM;33418;ferr;PMO1347;104;
DEM2406-0070398;Assurance El jadida;BLLB4200;33419;zaz;PMO1348;105;
DEM2406-0070399;Total;S2-EK-3GR-INOX;33420;sdsds;PMO1349;106;
DEM2406-0070400;BMCI;S2-EK-3GR-INOX;33421;dffd;PMO1350;107;
DEM2406-0070401;ATWB;BLLB4300;33422;xcxc;PMO1351;108;
DEM2406-0070402;Bourchanin;SC962831;33423;Azrtx;PMO1352;109;
DEM2406-0070403;Animac;NWKREA-PRIME;33424;dfmzkd;PMO1353;110;
DEM2406-0070404;Egloffe;PROMO-S2-EP-3GR-SEM;33425;sdfdf;PMO1354;111;
DEM2406-0070405;Smeia;BLLB4700;33426;cxdfer;PMO1355;112;
DEM2406-0070406;La fayette;SC9A003;33427;qqscf;PMO1356;113;
DEM2406-0070407;Pytagore;SC9A003;33428;gtgrgtrt;PMO1357;114;
DEM2406-0070408;Les fleurs;SC9A003;33429;ere;PMO1358;115;
DEM2406-0070409;ORL;S2-EK-3GR-INOX;33430;rgrgr;PMO1359;116;
DEM2406-0070410;NAS;S2-EK-3GR-INOX;33431;juk;PMO1360;117;
DEM2406-0070411;Orange;BLLB3051;33432;yuyu;PMO1361;118;
DEM2406-0070412;Barid;SC10005374;33433;sdsd;PMO1362;119;
DEM2406-0070413;Patchi;S2-EP-2GR-SEM;33434;ghgh;PMO1363;120;
DEM2406-0070414;Sinastone;S2-EP-3GR-SEM;33435;tyu;PMO1364;121;
DEM2406-0070415;CBI;S2-EK-2GR-INOX;33436;iokml;PMO1365;122;
DEM2406-0070416;Ilem;S2-EP-2GR-SEM;33437;ferr;PMO1366;123;
DEM2406-0070417;BMCE;BLMININOVA2GR;33438;zaz;PMO1367;124;
DEM2406-0070418;CIH;NWKREA;33439;sdsds;PMO1368;125;
DEM2406-0070419;Terrazza;S2-EK-2GR-INOX;33440;dffd;PMO1369;126;
DEM2406-0070420;Assurance El jadida;S2-EP-3GR-SEM;33441;xcxc;PMO1370;127;
DEM2406-0070421;Total;S2-EP-3GR-SEM;33442;Azrtx;PMO1371;128;
DEM2406-0070422;BMCI;S2-EP-3GR-SEM;33443;dfmzkd;PMO1372;129;
DEM2406-0070423;ATWB;S2-EP-3GR-SEM;33444;sdfdf;PMO1373;130;
DEM2406-0070424;Bourchanin;BLLB4200;33445;cxdfer;PMO1374;131;
DEM2406-0070425;Animac;S2-EK-3GR-INOX;33446;qqscf;PMO1375;132;
DEM2406-0070426;Egloffe;S2-EK-3GR-INOX;33447;gtgrgtrt;PMO1376;133;
DEM2406-0070427;Smeia;BLLB4300;33448;lm;PMO1377;134;
DEM2406-0070428;La fayette;SC962831;33449;rgrgr;PMO1378;135;
DEM2406-0070429;Pytagore;NWKREA-PRIME;33450;juk;PMO1379;136;
DEM2406-0070430;Les fleurs;PROMO-S2-EP-3GR-SEM;33451;yuyu;PMO1380;137;
DEM2406-0070431;ORL;BLLB4700;33452;sdsd;PMO1381;138;
DEM2406-0070432;NAS;SC9A003;33453;hjhj;PMO1382;139;
DEM2406-0070433;Orange;SC9A003;33454;tyu;PMO1383;140;
DEM2406-0070434;Barid;SC9A003;33455;iokml;PMO1384;141;
DEM2406-0070435;Patchi;S2-EK-3GR-INOX;33456;ferr;PMO1385;142;
DEM2406-0070436;Sinastone;S2-EK-3GR-INOX;33457;zaz;PMO1386;143;
DEM2406-0070437;CBI;BLLB3051;33458;sdsds;PMO1387;144;
DEM2406-0070438;Ilem;SC10005374;33459;dffd;PMO1388;145;
DEM2406-0070439;BMCE;S2-EP-2GR-SEM;33460;xcxc;PMO1389;146;
DEM2406-0070440;CIH;S2-EP-3GR-SEM;33461;Azrtx;PMO1390;147;
DEM2406-0070441;Terrazza;S2-EK-2GR-INOX;33462;dfmzkd;PMO1391;148;
DEM2406-0070442;Assurance El jadida;S2-EP-2GR-SEM;33463;sdfdf;PMO1392;149;
DEM2406-0070443;Total;BLMININOVA2GR;33464;cxdfer;PMO1393;150;
DEM2406-0070444;BMCI;NWKREA;33465;qqscf;PMO1394;151;
DEM2406-0070445;ATWB;S2-EK-2GR-INOX;33466;gtgrgtrt;PMO1395;152;
DEM2406-0070446;Bourchanin;S2-EP-3GR-SEM;33467;yuyuyyr;PMO1396;153;
DEM2406-0070447;Animac;S2-EP-3GR-SEM;33468;rgrgr;PMO1397;154;
DEM2406-0070448;Egloffe;S2-EP-3GR-SEM;33469;juk;PMO1398;155;
DEM2406-0070449;Smeia;S2-EP-3GR-SEM;33470;yuyu;PMO1399;156;
DEM2406-0070450;La fayette;BLLB4200;33471;sdsd;PMO1400;157;
DEM2406-0070451;Pytagore;S2-EK-3GR-INOX;33472;rtrtrt;PMO1401;158;
DEM2406-0070452;Les fleurs;S2-EK-3GR-INOX;33473;tyu;PMO1402;159;
DEM2406-0070453;ORL;BLLB4300;33474;iokml;PMO1403;160;
DEM2406-0070454;NAS;SC962831;33475;ferr;PMO1404;161;
DEM2406-0070455;Orange;NWKREA-PRIME;33476;zaz;PMO1405;162;
DEM2406-0070456;Barid;PROMO-S2-EP-3GR-SEM;33477;sdsds;PMO1406;163;
DEM2406-0070457;Patchi;BLLB4700;33478;dffd;PMO1407;164;
DEM2406-0070458;Sinastone;SC9A003;33479;xcxc;PMO1408;165;
DEM2406-0070459;CBI;SC9A003;33480;Azrtx;PMO1409;166;
DEM2406-0070460;Ilem;SC9A003;33481;dfmzkd;PMO1410;167;
DEM2406-0070461;BMCE;S2-EK-3GR-INOX;33482;sdfdf;PMO1411;168;
DEM2406-0070462;CIH;S2-EK-3GR-INOX;33483;cxdfer;PMO1412;169;
DEM2406-0070463;Terrazza;BLLB3051;33484;qqscf;PMO1413;170;
DEM2406-0070464;Assurance El jadida;SC10005374;33485;gtgrgtrt;PMO1414;171;
DEM2406-0070465;Total;S2-EP-2GR-SEM;33486;fdfdf;PMO1415;172;
DEM2406-0070466;BMCI;S2-EP-3GR-SEM;33487;rgrgr;PMO1416;173;
DEM2406-0070467;ATWB;S2-EK-2GR-INOX;33488;juk;PMO1417;174;
DEM2406-0070468;Bourchanin;S2-EP-2GR-SEM;33489;yuyu;PMO1418;175;
DEM2406-0070469;Animac;BLMININOVA2GR;33490;sdsd;PMO1419;176;
DEM2406-0070470;Egloffe;NWKREA;33491;ghgh;PMO1420;177;
DEM2406-0070471;Smeia;S2-EK-2GR-INOX;33492;tyu;PMO1421;178;
DEM2406-0070472;La fayette;S2-EP-3GR-SEM;33493;iokml;PMO1422;179;
DEM2406-0070473;Pytagore;S2-EP-3GR-SEM;33494;ferr;PMO1423;180;
DEM2406-0070474;Les fleurs;S2-EP-3GR-SEM;33495;zaz;PMO1424;181;
DEM2406-0070475;ORL;S2-EP-3GR-SEM;33496;sdsds;PMO1425;182;
DEM2406-0070476;NAS;BLLB4200;33497;dffd;PMO1426;183;
DEM2406-0070477;Orange;S2-EK-3GR-INOX;33498;xcxc;PMO1427;184;
DEM2406-0070478;Barid;S2-EK-3GR-INOX;33499;Azrtx;PMO1428;185;
DEM2406-0070479;Patchi;BLLB4300;33500;dfmzkd;PMO1429;186;
DEM2406-0070480;Sinastone;SC962831;33501;sdfdf;PMO1430;187;
DEM2406-0070481;CBI;NWKREA-PRIME;33502;cxdfer;PMO1431;188;
DEM2406-0070482;Ilem;PROMO-S2-EP-3GR-SEM;33503;qqscf;PMO1432;189;
DEM2406-0070483;BMCE;BLLB4700;33504;gtgrgtrt;PMO1433;190;
DEM2406-0070484;CIH;SC9A003;33505;rtdfgfg;PMO1434;191;
DEM2406-0070485;Terrazza;SC9A003;33506;rgrgr;PMO1435;192;
DEM2406-0070486;Assurance El jadida;SC9A003;33507;juk;PMO1436;193;
DEM2406-0070487;Total;S2-EK-3GR-INOX;33508;yuyu;PMO1437;194;
DEM2406-0070488;BMCI;S2-EK-3GR-INOX;33509;sdsd;PMO1438;195;
DEM2406-0070489;ATWB;S2-EK-3GR-INOX;33510;zaeddd;PMO1439;196;
DEM2406-0070490;Bourchanin;BLLB4300;33511;tyu;PMO1440;197;
DEM2406-0070491;Animac;SC962831;33512;iokml;PMO1441;198;
DEM2406-0070492;Egloffe;NWKREA-PRIME;33513;ferr;PMO1442;199;
DEM2406-0070493;Smeia;PROMO-S2-EP-3GR-SEM;33514;zaz;PMO1443;200;
DEM2406-0070494;La fayette;BLLB4300;33515;sdsds;PMO1444;201;
DEM2406-0070495;Pytagore;SC962831;33516;dffd;PMO1445;202;
DEM2406-0070496;Les fleurs;NWKREA-PRIME;33517;xcxc;PMO1446;203;
DEM2406-0070497;ORL;PROMO-S2-EP-3GR-SEM;33518;Azrtx;PMO1447;204;
DEM2406-0070498;NAS;NW960902;33519;dfmzkd;PMO1448;205;
DEM2406-0070499;Orange;BLLB3051;33520;sdfdf;PMO1449;206;
DEM2406-0070500;Barid;SC10005374;33521;cxdfer;PMO1450;207;
DEM2406-0070501;Patchi;S2-EP-2GR-SEM;33522;qqscf;PMO1451;208;
DEM2406-0070502;Sinastone;S2-EP-3GR-SEM;33523;gtgrgtrt;PMO1452;209;
DEM2406-0070503;CBI;S2-EK-2GR-INOX;33524;xcxcwqsd;PMO1453;210;
DEM2406-0070504;Ilem;S2-EP-2GR-SEM;33525;rgrgr;PMO1454;211;
DEM2406-0070505;BMCE;BLMININOVA2GR;33526;juk;PMO1455;212;
DEM2406-0070506;CIH;NWKREA;33527;yuyu;PMO1456;213;
DEM2406-0070507;Terrazza;S2-EK-2GR-INOX;33528;sdsd;PMO1457;214;
DEM2406-0070508;Assurance El jadida;S2-EP-3GR-SEM;33529;reedfc;PMO1458;215;
DEM2406-0070509;Total;S2-EP-3GR-SEM;33530;tyu;PMO1459;216;
DEM2406-0070510;BMCI;S2-EP-3GR-SEM;33531;iokml;PMO1460;217;
DEM2406-0070511;ATWB;S2-EP-3GR-SEM;33532;ferr;PMO1461;218;
DEM2406-0070512;Bourchanin;BLLB4200;33533;zaz;PMO1462;219;
DEM2406-0070513;Animac;S2-EK-3GR-INOX;33534;sdsds;PMO1463;220;
DEM2406-0070514;Egloffe;S2-EK-3GR-INOX;33535;dffd;PMO1464;221;
DEM2406-0070515;Smeia;BLLB4300;33536;xcxc;PMO1465;222;
DEM2406-0070516;La fayette;SC962831;33537;Azrtx;PMO1466;223;
DEM2406-0070517;Pytagore;NWKREA-PRIME;33538;dfmzkd;PMO1467;224;
DEM2406-0070518;Les fleurs;PROMO-S2-EP-3GR-SEM;33539;sdfdf;PMO1468;225;
DEM2406-0070519;ORL;BLLB4700;33540;cxdfer;PMO1469;226;
DEM2406-0070520;NAS;SC9A003;33541;qqscf;PMO1470;227;
DEM2406-0070521;Orange;SC9A003;33542;gtgrgtrt;PMO1471;228;
DEM2406-0070522;Barid;SC9A003;33543;vbvbfg;PMO1472;229;
DEM2406-0070523;Patchi;S2-EK-3GR-INOX;33544;rgrgr;PMO1473;230;
DEM2406-0070524;Sinastone;S2-EK-3GR-INOX;33545;juk;PMO1474;233;
